{
  "dur_min": 17.7189998626709,
  "dur_max": 44.499000549316406,
  "temp_min": 28.399999618530273,
  "temp_max": 50.099998474121094
}